site_id,ipv4
CLCAE00009A,10.97.36.235
CLCAE00028A,10.97.37.18
CLCAE00045A,10.97.37.12
CLCAE00049A,10.97.36.91
CLCAE00059A,10.97.36.218
CLCAE00061A,10.97.37.20
CLCAE00062A,10.97.37.26
CLCAE00066A,10.97.36.208
CLCAE00106A,10.97.36.175
CLCAE00113A,10.97.36.5
CLCAE00118A,10.97.36.104
CLCAE00126A,10.97.36.194
CLCAE00127A,10.147.83.142
CLCAE00128A,10.96.89.225
CLCAE00133A,10.97.37.62
CLCAE00135A,10.97.36.239
CLCAE00136A,10.147.83.248
CLCAE00140A,10.97.37.58
CLCAE00141A,10.97.36.233
CLCAE00147A,10.147.83.175
CLCAE00154A,10.97.37.7
CLCAE00155A,10.97.36.234
CLCAE00157A,10.97.37.38
CLCAE00158A,10.96.89.239
CLCAE00165A,10.97.36.187
CLCAE00171A,10.97.36.229
CLCAE00172A,10.97.36.210
CLCAE00173A,10.97.36.236
CLCAE00174A,10.97.37.14
CLCAE00179A,10.96.89.162
CLCAE00180A,10.147.83.207
CLCAE00181A,10.97.36.221
CLCAE00190A,10.97.36.232
CLCAE00196A,10.97.36.105
CLCAE00200A,10.97.36.94
CLCAE00204A,10.97.36.64
CLCAE00205A,10.97.36.224
CLCAE00213A,10.97.36.31
CLCAE00215A,10.147.83.238
CLCAE00221A,10.97.37.22
CLCAE00225A,10.97.36.134
CLCAE00232A,10.97.36.223
CLCAE00237A,10.97.37.43
CLCAE00239A,10.97.36.209
CLCAE00240A,10.97.36.93
CLCAE00241A,10.97.36.195
CLCAE00242A,10.97.36.168
CLCAE00249A,10.97.36.20
CLCAE00263A,10.97.37.55
CLCAE00288A,10.97.36.62
CLCAE00292A,10.97.37.6
CLCAE00294A,10.97.36.149
CLCAE00296A,10.97.36.6
CLCAE00299A,10.97.37.8
CLCAE00302A,10.97.36.231
CLCAE00303A,10.97.37.48
CLCAE00308A,10.97.37.10
CLCAE00311A,10.97.36.188
CLCAE00320A,10.147.83.173
CLCHS00002A,10.96.89.75
CLCHS00006A,10.96.89.98
CLCHS00007A,10.96.89.35
CLCHS00008A,10.96.89.112
CLCHS00009A,10.96.89.10
CLCHS00010A,10.96.89.4
CLCHS00011A,10.96.89.90
CLCHS00012A,10.96.89.110
CLCHS00013A,10.96.89.79
CLCHS00015A,10.96.89.135
CLCHS00017A,10.96.89.20
CLCHS00019A,10.96.89.66
CLCHS00020A,10.96.89.95
CLCHS00021A,10.96.89.126
CLCHS00024A,10.96.89.148
CLCHS00025A,10.96.89.19
CLCHS00026A,10.112.15.248
CLCHS00027A,10.96.89.237
CLCHS00033A,10.96.89.30
CLCHS00035A,10.112.15.249
CLCHS00037A,10.112.15.126
CLCHS00039A,10.96.89.235
CLCHS00042A,10.112.15.132
CLCHS00044A,10.96.89.184
CLCHS00045A,10.96.89.127
CLCHS00049A,10.96.89.18
CLCHS00050A,10.96.89.34
CLCHS00051A,10.96.89.136
CLCHS00052A,10.96.89.96
CLCHS00053A,10.96.89.104
CLCHS00057A,10.96.89.230
CLCHS00058A,10.96.89.173
CLCHS00060A,10.96.89.211
CLCHS00061A,10.96.89.189
CLCHS00066A,10.96.89.117
CLCHS00067A,10.96.89.183
CLCHS00069A,10.96.89.103
CLCHS00070A,10.96.89.17
CLCHS00071A,10.96.89.107
CLCHS00073A,10.96.89.114
CLCHS00075A,10.96.89.118
CLCHS00080A,10.96.89.16
CLCHS00082A,10.96.89.80
CLCHS00083A,10.96.89.192
CLCHS00084A,10.96.89.236
CLCHS00085A,10.96.89.137
CLCHS00087A,10.96.89.138
CLCHS00088A,10.96.89.202
CLCHS00090A,10.96.89.165
CLCHS00092A,10.96.89.88
CLCHS00093A,10.96.89.56
CLCHS00094A,10.96.89.222
CLCHS00095A,10.96.89.55
CLCHS00096A,10.96.89.2
CLCHS00097A,10.96.89.231
CLCHS00101A,10.96.89.15
CLCHS00102A,10.96.89.78
CLCHS00104A,10.96.89.238
CLCHS00108A,10.96.89.133
CLCHS00109A,10.96.89.14
CLCHS00110A,10.96.89.91
CLCHS00120A,10.96.89.159
CLCHS00121A,10.96.89.3
CLCHS00122A,10.96.89.119
CLCHS00123A,10.96.89.116
CLCHS00124A,10.96.89.218
CLCHS00125A,10.112.15.127
CLCHS00129A,10.112.15.244
CLCHS00131A,10.96.89.1
CLCHS00136A,10.96.89.97
CLCHS00138A,10.96.89.106
CLCHS00140A,10.96.89.33
CLCHS00141A,10.96.89.57
CLCHS00144A,10.112.15.250
CLCHS00147A,10.96.89.69
CLCHS00148A,10.96.89.13
CLCHS00154A,10.96.89.81
CLCHS00159A,10.96.89.94
CLCHS00160A,10.112.15.247
CLCHS00165A,10.96.89.242
CLCHS00169A,10.96.89.12
CLCHS00175A,10.96.89.32
CLCHS00176A,10.96.89.128
CLCHS00180A,10.112.15.129
CLCHS00183A,10.96.89.178
CLCHS00184A,10.96.89.121
CLCHS00186A,10.96.89.253
CLCHS00188A,10.96.89.234
CLCHS00195A,10.96.89.232
CLCHS00207A,10.96.89.11
CLCHS00208A,10.96.89.93
CLCHS00209A,10.96.89.72
CLCHS00210A,10.96.89.89
CLCHS00212A,10.96.89.161
CLCHS00213A,10.96.89.166
CLCHS00218A,10.96.89.151
CLCHS00219A,10.96.89.120
CLCHS00220A,10.96.89.102
CLCHS00227A,10.112.15.133
CLCHS00229A,10.112.15.246
CLCHS00230A,10.96.89.58
CLCHS00232A,10.96.89.187
CLCHS00233A,10.96.89.168
CLCHS00234A,10.112.15.236
CLCHS00235A,10.96.89.59
CLCHS00236A,10.96.89.99
CLCHS00238A,10.96.89.177
CLCHS00239A,10.96.89.73
CLCHS00241A,10.96.89.82
CLCHS00242A,10.96.89.167
CLCHS00246A,10.112.15.245
CLCHS00252A,10.96.89.244
CLCHS00264A,10.96.89.111
CLCHS00266A,10.96.89.209
CLCLT00001A,10.112.14.16
CLCLT00003A,10.112.14.17
CLCLT00005A,10.112.14.133
CLCLT00009A,10.112.14.202
CLCLT00012A,10.112.14.18
CLCLT00013A,10.112.14.134
CLCLT00014A,10.112.14.105
CLCLT00015A,10.112.14.203
CLCLT00023A,10.112.14.135
CLCLT00025A,10.112.14.136
CLCLT00026A,10.112.14.137
CLCLT00027A,10.112.14.106
CLCLT00028A,10.112.14.19
CLCLT00029A,10.112.15.114
CLCLT00034A,10.112.15.147
CLCLT00035A,10.112.14.107
CLCLT00038A,10.112.15.83
CLCLT00039A,10.112.14.201
CLCLT00040A,10.112.14.108
CLCLT00041A,10.112.14.20
CLCLT00045A,10.112.14.138
CLCLT00047A,10.112.15.86
CLCLT00048A,10.112.14.51
CLCLT00049A,10.112.14.217
CLCLT00050A,10.112.15.39
CLCLT00051A,10.112.14.204
CLCLT00052A,10.96.89.226
CLCLT00053A,10.112.15.95
CLCLT00055A,10.112.14.205
CLCLT00057A,10.112.14.109
CLCLT00062A,10.112.14.206
CLCLT00063A,10.112.14.139
CLCLT00069A,10.112.15.116
CLCLT00077A,10.112.14.110
CLCLT00078A,10.112.14.140
CLCLT00079A,10.112.14.54
CLCLT00080A,10.112.14.111
CLCLT00081A,10.112.14.207
CLCLT00082A,10.112.14.112
CLCLT00084A,10.112.15.162
CLCLT00085A,10.112.14.141
CLCLT00086A,10.112.14.142
CLCLT00087A,10.112.14.113
CLCLT00089A,10.112.14.114
CLCLT00090A,10.112.14.143
CLCLT00091A,10.112.14.144
CLCLT00092A,10.112.15.67
CLCLT00093A,10.112.15.118
CLCLT00094A,10.112.14.145
CLCLT00096A,10.112.14.146
CLCLT00097A,10.112.14.147
CLCLT00098A,10.112.14.21
CLCLT00099A,10.112.14.115
CLCLT00100A,10.112.14.148
CLCLT00102A,10.112.14.149
CLCLT00103A,10.112.14.22
CLCLT00104A,10.112.14.208
CLCLT00108A,10.112.14.150
CLCLT00110A,10.112.15.124
CLCLT00111A,10.112.14.209
CLCLT00112A,10.112.14.210
CLCLT00113A,10.112.14.248
CLCLT00116A,10.112.14.211
CLCLT00117A,10.112.14.116
CLCLT00118A,10.112.14.117
CLCLT00120A,10.112.14.118
CLCLT00122A,10.112.14.151
CLCLT00123A,10.112.14.23
CLCLT00125A,10.112.14.24
CLCLT00126A,10.112.14.212
CLCLT00128A,10.112.14.25
CLCLT00129A,10.112.15.40
CLCLT00130A,10.112.14.152
CLCLT00131A,10.112.14.213
CLCLT00132A,10.112.15.120
CLCLT00133A,10.112.14.153
CLCLT00134A,10.112.14.214
CLCLT00137A,10.112.14.14
CLCLT00140A,10.112.14.26
CLCLT00142A,10.112.15.121
CLCLT00143A,10.112.14.27
CLCLT00144A,10.112.14.28
CLCLT00146A,10.112.14.154
CLCLT00148A,10.112.14.215
CLCLT00150A,10.112.14.155
CLCLT00151A,10.112.14.216
CLCLT00153A,10.112.14.156
CLCLT00154A,10.112.14.157
CLCLT00155A,10.112.14.158
CLCLT00156A,10.112.15.58
CLCLT00157A,10.112.15.87
CLCLT00159A,10.112.14.55
CLCLT00160A,10.112.15.41
CLCLT00161A,10.112.14.218
CLCLT00162A,10.112.14.56
CLCLT00163A,10.112.14.183
CLCLT00164A,10.112.15.112
CLCLT00165A,10.112.14.219
CLCLT00166A,10.112.15.68
CLCLT00168A,10.112.14.29
CLCLT00169A,10.112.14.119
CLCLT00172A,10.112.14.249
CLCLT00173A,10.112.14.159
CLCLT00174A,10.112.15.109
CLCLT00175A,10.112.14.160
CLCLT00178A,10.112.15.117
CLCLT00181A,10.112.14.30
CLCLT00182A,10.112.14.161
CLCLT00183A,10.112.14.120
CLCLT00184A,10.112.15.107
CLCLT00185A,10.112.14.121
CLCLT00186A,10.112.14.122
CLCLT00187A,10.112.14.57
CLCLT00189A,10.112.14.162
CLCLT00190A,10.112.15.88
CLCLT00191A,10.112.14.250
CLCLT00192A,10.112.14.163
CLCLT00195A,10.112.14.220
CLCLT00196A,10.112.14.31
CLCLT00197A,10.112.14.221
CLCLT00198A,10.112.14.123
CLCLT00200A,10.112.14.164
CLCLT00201A,10.112.15.55
CLCLT00205A,10.112.15.89
CLCLT00213A,10.112.14.222
CLCLT00214A,10.112.14.32
CLCLT00215A,10.112.14.223
CLCLT00216A,10.112.14.224
CLCLT00217A,10.112.14.33
CLCLT00218A,10.96.89.196
CLCLT00222A,10.112.14.34
CLCLT00226A,10.112.14.124
CLCLT00227A,10.112.14.165
CLCLT00229A,10.112.14.35
CLCLT00230A,10.112.15.119
CLCLT00233A,10.112.15.90
CLCLT00234A,10.112.14.166
CLCLT00236A,10.112.14.125
CLCLT00240A,10.112.14.15
CLCLT00241A,10.112.14.126
CLCLT00243A,10.112.14.167
CLCLT00246A,10.112.14.168
CLCLT00252A,10.112.15.104
CLCLT00253A,10.112.14.36
CLCLT00256A,10.112.14.169
CLCLT00258A,10.112.14.225
CLCLT00259A,10.112.14.37
CLCLT00260A,10.112.14.170
CLCLT00261A,10.112.14.127
CLCLT00262A,10.112.14.171
CLCLT00263A,10.112.14.128
CLCLT00274A,10.96.89.214
CLCLT00275A,10.112.15.91
CLCLT00305A,10.112.15.110
CLCLT00314A,10.112.15.42
CLCLT00315A,10.112.14.58
CLCLT00316A,10.112.14.38
CLCLT00317A,10.112.14.129
CLCLT00318A,10.112.15.24
CLCLT00319A,10.112.15.92
CLCLT00320A,10.112.14.226
CLCLT00323A,10.112.14.227
CLCLT00325A,10.112.14.39
CLCLT00326A,10.112.14.172
CLCLT00327A,10.112.14.251
CLCLT00329A,10.112.14.40
CLCLT00330A,10.112.14.228
CLCLT00332A,10.112.14.229
CLCLT00335A,10.112.15.69
CLCLT00336A,10.112.14.41
CLCLT00337A,10.112.14.173
CLCLT00338A,10.112.14.174
CLCLT00339A,10.112.14.52
CLCLT00340A,10.112.14.230
CLCLT00342A,10.112.14.130
CLCLT00343A,10.112.14.231
CLCLT00344A,10.112.14.232
CLCLT00345A,10.112.14.131
CLCLT00352A,10.112.14.175
CLCLT00354A,10.112.14.176
CLCLT00355A,10.112.14.233
CLCLT00356A,10.112.14.234
CLCLT00357A,10.112.14.177
CLCLT00358A,10.112.14.178
CLCLT00359A,10.112.14.42
CLCLT00360A,10.112.14.235
CLCLT00361A,10.112.14.59
CLCLT00362A,10.112.14.236
CLCLT00363A,10.112.14.43
CLCLT00366A,10.112.14.44
CLCLT00368A,10.112.14.179
CLCLT00369A,10.112.15.93
CLCLT00370A,10.112.14.237
CLCLT00371A,10.112.14.180
CLCLT00372A,10.112.14.181
CLCLT00374A,10.112.15.123
CLCLT00375A,10.112.14.238
CLCLT00376A,10.112.14.182
CLCLT00377A,10.112.14.45
CLCLT00378A,10.112.14.184
CLCLT00381A,10.112.14.132
CLCLT00382A,10.112.14.239
CLCLT00384A,10.112.14.240
CLCLT00386A,10.112.14.185
CLCLT00387A,10.112.14.241
CLCLT00388A,10.112.14.186
CLCLT00389A,10.96.89.174
CLCLT00390A,10.112.14.187
CLCLT00391A,10.112.15.79
CLCLT00392A,10.112.15.106
CLCLT00393A,10.112.14.188
CLCLT00395A,10.112.14.189
CLCLT00396A,10.112.14.190
CLCLT00397A,10.112.14.63
CLCLT00401A,10.112.15.103
CLCLT00402A,10.112.14.46
CLCLT00403A,10.112.14.64
CLCLT00404A,10.112.14.65
CLCLT00405A,10.112.14.47
CLCLT00406A,10.112.14.66
CLCLT00407A,10.112.14.67
CLCLT00408A,10.112.14.191
CLCLT00409A,10.112.14.68
CLCLT00411A,10.112.14.69
CLCLT00412A,10.112.15.113
CLCLT00413A,10.112.14.70
CLCLT00414A,10.112.15.43
CLCLT00416A,10.112.14.71
CLCLT00417A,10.112.15.122
CLCLT00418A,10.112.14.72
CLCLT00419A,10.112.15.160
CLCLT00420A,10.112.15.111
CLCLT00421A,10.112.15.84
CLCLT00423A,10.112.14.73
CLCLT00424A,10.112.14.74
CLCLT00426A,10.112.14.192
CLCLT00427A,10.112.14.193
CLCLT00429A,10.112.14.194
CLCLT00430A,10.112.14.195
CLCLT00432A,10.112.14.196
CLCLT00434A,10.112.14.242
CLCLT00435A,10.112.14.243
CLCLT00436A,10.112.14.60
CLCLT00438A,10.112.14.197
CLCLT00441A,10.112.14.244
CLCLT00442A,10.112.14.198
CLCLT00443A,10.112.14.245
CLCLT00444A,10.112.14.199
CLCLT00445A,10.112.15.44
CLCLT00446A,10.112.14.246
CLCLT00447A,10.112.15.56
CLCLT00448A,10.112.14.53
CLCLT00449A,10.112.14.75
CLCLT00450A,10.112.14.76
CLCLT00452A,10.112.14.48
CLCLT00453A,10.112.14.78
CLCLT00454A,10.112.14.79
CLCLT00457A,10.112.14.80
CLCLT00458A,10.112.14.81
CLCLT00459A,10.112.14.200
CLCLT00461A,10.112.14.82
CLCLT00462A,10.112.14.83
CLCLT00463A,10.112.14.84
CLCLT00464A,10.112.14.85
CLCLT00465A,10.112.15.25
CLCLT00466A,10.112.14.61
CLCLT00467A,10.112.14.86
CLCLT00468A,10.112.14.247
CLCLT00469A,10.112.14.87
CLCLT00470A,10.112.15.59
CLCLT00472A,10.112.14.88
CLCLT00474A,10.112.14.89
CLCLT00475A,10.112.15.115
CLCLT00476A,10.112.15.108
CLCLT00480A,10.112.14.90
CLCLT00481A,10.112.15.82
CLCLT00482A,10.112.14.49
CLCLT00483A,10.112.14.91
CLCLT00485A,10.112.14.92
CLCLT00487A,10.96.89.152
CLCLT00488A,10.112.14.93
CLCLT00492A,10.112.14.94
CLCLT00493A,10.96.89.158
CLCLT00494A,10.112.14.95
CLCLT00495A,10.112.14.96
CLCLT00496A,10.112.15.94
CLCLT00499A,10.112.15.97
CLCLT00500A,10.112.14.50
CLCLT00501A,10.112.15.105
CLCLT00503A,10.112.15.45
CLCLT00505A,10.112.15.46
CLCLT00506A,10.112.14.97
CLCLT00507A,10.112.15.98
CLCLT00510A,10.112.14.98
CLCLT00511A,10.112.14.99
CLCLT00513A,10.96.89.180
CLCLT00515A,10.112.14.100
CLCLT00516A,10.112.14.101
CLCLT00517A,10.112.14.102
CLCLT00518A,10.112.14.103
CLCLT00519A,10.112.15.26
CLCLT00528A,10.112.14.104
CLFAY00004A,10.112.15.203
CLFAY00008A,10.96.89.163
CLFAY00012A,10.112.15.204
CLFAY00019A,10.112.15.205
CLFAY00021A,10.96.89.85
CLFAY00032A,10.96.89.203
CLFAY00040A,10.96.89.83
CLFAY00041A,10.96.89.150
CLFAY00043A,10.96.89.92
CLFAY00048A,10.96.89.141
CLFAY00049A,10.96.89.143
CLFAY00051A,10.112.15.228
CLFAY00053A,10.96.89.220
CLFAY00060A,10.96.89.155
CLFAY00066A,10.96.89.229
CLFAY00075A,10.112.15.206
CLFAY00079A,10.112.15.207
CLFAY00084A,10.96.89.228
CLFAY00092A,10.96.89.224
CLFAY00105A,10.96.89.199
CLFAY00108A,10.112.15.208
CLFAY00109A,10.96.89.185
CLFAY00110A,10.96.89.140
CLFAY00114A,10.112.15.210
CLFAY00115A,10.96.89.172
CLFAY00116A,10.96.89.175
CLFAY00118A,10.96.89.42
CLFAY00122A,10.112.15.201
CLFAY00123A,10.96.89.170
CLFAY00125A,10.96.89.142
CLFAY00126A,10.112.15.209
CLFAY00128A,10.96.89.227
CLFAY00129A,10.112.15.211
CLFAY00132A,10.112.15.212
CLFAY00133A,10.112.15.217
CLFAY00138A,10.112.15.220
CLFAY00140A,10.112.15.215
CLFAY00143A,10.96.89.223
CLFAY00144A,10.96.89.101
CLFAY00145A,10.96.89.210
CLFAY00147A,10.112.15.214
CLFAY00148A,10.112.15.213
CLFAY00150A,10.96.89.108
CLFAY00154A,10.96.89.190
CLFAY00155A,10.96.89.129
CLFAY00158A,10.112.15.216
CLFAY00159A,10.112.15.218
CLFAY00160A,10.96.89.217
CLFAY00163A,10.96.89.216
CLFAY00164A,10.112.15.222
CLFAY00167A,10.112.15.219
CLFAY00168A,10.112.15.224
CLFAY00172A,10.96.89.240
CLFAY00173A,10.112.15.225
CLFAY00173A,10.96.89.48
CLFAY00174A,10.96.89.60
CLFAY00176A,10.96.89.154
CLFAY00177A,10.96.89.145
CLFAY00180A,10.96.89.204
CLFAY00182A,10.112.15.223
CLFAY00183A,10.96.89.113
CLFAY00184A,10.96.89.205
CLFAY00187A,10.112.15.221
CLFAY00195A,10.96.89.195
CLFAY00196A,10.96.89.241
CLFAY00204A,10.96.89.100
CLFAY00207A,10.96.89.8
CLFAY00209A,10.96.89.243
CLFAY00210A,10.96.89.149
CLFAY00216A,10.112.15.202
CLFAY00220A,10.96.89.122
CLFAY00223A,10.112.15.253
CLFAY00226A,10.112.15.226
CLFAY00228A,10.112.15.237
CLFAY00229A,10.96.89.206
CLFAY00231A,10.112.15.230
CLFAY00233A,10.96.89.176
CLFAY00235A,10.96.89.115
CLFAY00241A,10.96.89.109
CLFAY00246A,10.112.15.227
CLFAY00247A,10.96.89.123
CLFAY00248A,10.96.89.28
CLFAY00250A,10.112.15.231
CLFAY00254A,10.96.89.213
CLFAY00260A,10.96.89.249
CLFAY00265A,10.112.15.229
CLFAY00266A,10.96.89.125
CLFAY00267A,10.96.89.86
CLFAY00273A,10.96.89.198
CLFAY00277A,10.96.89.207
CLFAY00278A,10.112.15.232
CLFAY00283A,10.96.89.87
CLFAY00287A,10.96.89.246
CLFAY00288A,10.96.89.7
CLFAY00293A,10.96.89.71
CLFAY00298A,10.96.89.171
CLFAY00340A,10.96.89.9
CLFAY00342A,10.96.89.36
CLFAY00348A,10.96.89.212
CLFAY00349A,10.96.89.144
CLFAY00354A,10.112.15.234
CLFAY00355A,10.96.89.219
CLFAY00356A,10.112.15.242
CLFAY00378A,10.96.89.61
CLFAY00379A,10.96.89.181
CLFAY00381A,10.96.89.130
CLFAY00389A,10.96.89.157
CLFAY00412A,10.96.89.62
CLFAY00414A,10.96.89.39
CLFAY00420A,10.96.89.6
CLFAY00432A,10.112.15.134
CLFAY00433A,10.112.15.233
CLFAY00434A,10.96.89.5
CLFAY00436A,10.112.15.243
CLFAY00443A,10.112.15.235
CLFAY00445A,10.96.89.201
CLFAY00447A,10.96.89.186
CLFAY00448A,10.96.89.147
CLFAY00449A,10.96.89.77
CLFAY00450A,10.96.89.215
CLFAY00467A,10.96.89.221
CLFAY00469A,10.96.89.197
CLFAY00471A,10.96.89.146
CLFAY00479A,10.96.89.74
CLFAY00499A,10.96.89.164
CLFAY00517A,10.96.89.200
CLFAY00527A,10.96.89.63
CLFAY00529A,10.96.89.68
CLFAY00530A,10.96.89.31
CLFAY00578A,10.96.89.21
CLFAY00583A,10.96.89.179
CLFAY00584A,10.96.89.84
CLFAY00585A,10.96.89.64
CLFAY00586A,10.96.89.193
CLFAY00587A,10.96.89.156
CLFAY00592A,10.96.89.65
CLGSP00001A,10.38.95.85
CLGSP00004A,10.97.36.60
CLGSP00005A,10.147.81.213
CLGSP00007A,10.147.80.206
CLGSP00008A,10.147.82.67
CLGSP00009A,10.147.83.206
CLGSP00010A,10.147.83.181
CLGSP00011A,10.147.82.66
CLGSP00012A,10.147.82.62
CLGSP00015A,10.147.81.192
CLGSP00016A,10.38.95.87
CLGSP00017A,10.147.81.193
CLGSP00020A,10.38.95.88
CLGSP00021A,10.147.83.193
CLGSP00022A,10.38.95.89
CLGSP00024A,10.38.95.90
CLGSP00025A,10.38.95.86
CLGSP00026A,10.147.80.102
CLGSP00027A,10.147.81.220
CLGSP00028A,10.147.81.195
CLGSP00029A,10.147.81.196
CLGSP00030A,10.147.82.65
CLGSP00032A,10.38.95.91
CLGSP00034A,10.147.81.221
CLGSP00035A,10.97.36.95
CLGSP00036A,10.97.36.101
CLGSP00037A,10.147.81.197
CLGSP00039A,10.97.36.37
CLGSP00041A,10.147.81.198
CLGSP00042A,10.147.82.63
CLGSP00043A,10.97.36.41
CLGSP00046A,10.147.82.60
CLGSP00047A,10.147.82.59
CLGSP00048A,10.147.81.222
CLGSP00049A,10.147.82.64
CLGSP00050A,10.147.82.58
CLGSP00051A,10.147.81.200
CLGSP00055A,10.97.36.219
CLGSP00056A,10.147.83.182
CLGSP00057A,10.147.83.111
CLGSP00059A,10.147.80.110
CLGSP00060A,10.147.83.131
CLGSP00062A,10.147.81.201
CLGSP00063A,10.147.83.236
CLGSP00066A,10.147.83.112
CLGSP00067A,10.147.83.113
CLGSP00068A,10.38.95.92
CLGSP00071A,10.147.83.183
CLGSP00072A,10.38.95.93
CLGSP00074A,10.147.82.57
CLGSP00075A,10.147.81.223
CLGSP00076A,10.147.82.56
CLGSP00077A,10.147.80.202
CLGSP00079A,10.147.82.55
CLGSP00080A,10.147.82.54
CLGSP00081A,10.147.82.53
CLGSP00082A,10.38.95.104
CLGSP00085A,10.97.36.115
CLGSP00086A,10.147.81.199
CLGSP00087A,10.147.81.202
CLGSP00088A,10.38.95.106
CLGSP00089A,10.38.95.108
CLGSP00090A,10.38.95.110
CLGSP00091A,10.147.81.203
CLGSP00092A,10.38.95.112
CLGSP00093A,10.147.81.204
CLGSP00095A,10.147.82.51
CLGSP00096A,10.147.82.50
CLGSP00098A,10.147.82.49
CLGSP00099A,10.147.80.117
CLGSP00100A,10.147.82.48
CLGSP00101A,10.147.82.47
CLGSP00102A,10.147.82.46
CLGSP00103A,10.38.95.114
CLGSP00104A,10.147.82.45
CLGSP00105A,10.147.82.44
CLGSP00107A,10.147.82.42
CLGSP00108A,10.147.82.41
CLGSP00111A,10.147.82.40
CLGSP00112A,10.147.82.39
CLGSP00113A,10.147.82.38
CLGSP00114A,10.147.80.118
CLGSP00116A,10.147.82.37
CLGSP00118A,10.147.80.119
CLGSP00119A,10.147.81.224
CLGSP00122A,10.38.95.116
CLGSP00123A,10.147.82.36
CLGSP00124A,10.147.82.35
CLGSP00129A,10.147.80.200
CLGSP00130A,10.147.81.205
CLGSP00133A,10.147.82.34
CLGSP00136A,10.147.80.105
CLGSP00137A,10.147.82.33
CLGSP00139A,10.147.82.32
CLGSP00140A,10.147.81.206
CLGSP00143A,10.147.82.31
CLGSP00147A,10.147.82.30
CLGSP00148A,10.147.82.29
CLGSP00149A,10.147.82.28
CLGSP00150A,10.147.81.207
CLGSP00151A,10.147.81.208
CLGSP00152A,10.147.82.27
CLGSP00157A,10.147.82.24
CLGSP00158A,10.147.80.120
CLGSP00164A,10.38.95.118
CLGSP00167A,10.147.82.20
CLGSP00170A,10.147.82.19
CLGSP00172A,10.38.95.120
CLGSP00173A,10.147.82.18
CLGSP00175A,10.38.95.121
CLGSP00182A,10.38.95.122
CLGSP00183A,10.147.80.199
CLGSP00184A,10.38.95.123
CLGSP00185A,10.147.82.16
CLGSP00187A,10.147.82.15
CLGSP00188A,10.147.82.14
CLGSP00190A,10.147.82.13
CLGSP00191A,10.147.81.225
CLGSP00194A,10.38.95.124
CLGSP00197A,10.147.82.12
CLGSP00200A,10.147.80.198
CLGSP00202A,10.147.82.11
CLGSP00204A,10.147.81.226
CLGSP00206A,10.147.82.9
CLGSP00207A,10.147.82.8
CLGSP00208A,10.147.82.7
CLGSP00209A,10.147.82.6
CLGSP00212A,10.38.95.125
CLGSP00213A,10.147.82.5
CLGSP00214A,10.147.82.4
CLGSP00215A,10.147.82.3
CLGSP00216A,10.147.82.2
CLGSP00217A,10.97.36.177
CLGSP00218A,10.147.83.132
CLGSP00219A,10.147.81.209
CLGSP00221A,10.147.81.227
CLGSP00222A,10.38.95.126
CLGSP00226A,10.147.83.247
CLGSP00228A,10.147.83.106
CLGSP00229A,10.147.81.228
CLGSP00230A,10.147.81.214
CLGSP00231A,10.97.36.138
CLGSP00232A,10.147.81.215
CLGSP00233A,10.38.95.127
CLGSP00234A,10.147.83.133
CLGSP00235A,10.147.83.136
CLGSP00236A,10.38.95.129
CLGSP00238A,10.147.83.208
CLGSP00240A,10.147.83.87
CLGSP00242A,10.147.83.91
CLGSP00244A,10.38.95.130
CLGSP00245A,10.147.83.184
CLGSP00246A,10.147.83.92
CLGSP00247A,10.147.81.216
CLGSP00248A,10.97.37.19
CLGSP00249A,10.147.82.172
CLGSP00251A,10.97.36.13
CLGSP00252A,10.147.83.107
CLGSP00253A,10.147.83.141
CLGSP00255A,10.147.81.210
CLGSP00256A,10.97.37.42
CLGSP00257A,10.147.80.197
CLGSP00258A,10.97.37.41
CLGSP00259A,10.147.83.12
CLGSP00260A,10.38.95.131
CLGSP00261A,10.147.80.205
CLGSP00264A,10.147.83.88
CLGSP00265A,10.147.83.140
CLGSP00266A,10.97.36.107
CLGSP00268A,10.97.36.139
CLGSP00269A,10.97.36.249
CLGSP00270A,10.97.36.174
CLGSP00271A,10.147.82.110
CLGSP00273A,10.97.36.193
CLGSP00274A,10.97.36.61
CLGSP00275A,10.38.95.132
CLGSP00276A,10.97.36.96
CLGSP00277A,10.147.82.239
CLGSP00279A,10.97.37.36
CLGSP00286A,10.147.80.103
CLGSP00289A,10.38.95.133
CLGSP00290A,10.38.95.134
CLGSP00291A,10.147.80.204
CLGSP00292A,10.38.95.135
CLGSP00293A,10.97.37.16
CLGSP00295A,10.38.95.136
CLGSP00296A,10.147.81.229
CLGSP00298A,10.38.95.137
CLGSP00299A,10.147.83.185
CLGSP00300A,10.147.83.90
CLGSP00301A,10.147.83.114
CLGSP00302A,10.147.81.211
CLGSP00304A,10.97.36.127
CLGSP00305A,10.97.36.252
CLGSP00306A,10.38.95.138
CLGSP00307A,10.38.95.139
CLGSP00308A,10.147.80.203
CLGSP00309A,10.36.15.169
CLGSP00310A,10.147.80.104
CLGSP00311A,10.97.36.206
CLGSP00312A,10.147.81.230
CLGSP00313A,10.147.81.231
CLGSP00314A,10.38.95.140
CLGSP00315A,10.38.95.141
CLGSP00316A,10.97.36.240
CLGSP00317A,10.38.95.142
CLGSP00320A,10.147.80.201
CLGSP00321A,10.97.36.201
CLGSP00324A,10.147.82.1
CLGSP00327A,10.147.81.255
CLGSP00329A,10.38.95.143
CLGSP00330A,10.38.95.144
CLGSP00331A,10.38.95.145
CLGSP00332A,10.147.82.0
CLGSP00334A,10.38.95.146
CLGSP00335A,10.38.95.151
CLGSP00337A,10.147.81.212
CLGSP00340A,10.38.95.147
CLGSP00341A,10.38.95.148
CLGSP00343A,10.38.95.149
CLGSP00344A,10.147.81.254
CLGSP00345A,10.147.81.250
CLGSP00349A,10.147.81.248
CLGSP00351A,10.147.81.246
CLGSP00352A,10.38.95.150
CLGSP00354A,10.147.81.243
CLGSP00355A,10.147.81.244
CLGSP00358A,10.147.81.249
CLGSP00362A,10.147.81.252
CLGSP00364A,10.147.81.253
CLRDU00004A,10.140.196.15
CLRDU00006A,10.140.196.88
CLRDU00007A,10.140.196.89
CLRDU00008A,10.140.196.90
CLRDU00009A,10.140.196.91
CLRDU00010A,10.140.196.92
CLRDU00011A,10.140.196.93
CLRDU00013A,10.140.196.95
CLRDU00015A,10.140.196.96
CLRDU00016A,10.140.196.97
CLRDU00019A,10.140.196.16
CLRDU00020A,10.140.196.102
CLRDU00021A,10.140.196.17
CLRDU00022A,10.140.196.18
CLRDU00023A,10.140.196.98
CLRDU00025A,10.140.196.99
CLRDU00027A,10.140.196.19
CLRDU00028A,10.140.196.94
CLRDU00029A,10.140.196.20
CLRDU00032A,10.140.196.100
CLRDU00034A,10.140.196.101
CLRDU00035A,10.140.196.103
CLRDU00037A,10.140.196.21
CLRDU00038A,10.140.196.104
CLRDU00043A,10.140.196.105
CLRDU00045A,10.140.196.106
CLRDU00049A,10.140.196.107
CLRDU00050A,10.140.196.108
CLRDU00051A,10.140.196.109
CLRDU00052A,10.140.196.110
CLRDU00053A,10.140.196.111
CLRDU00058A,10.140.196.22
CLRDU00060A,10.140.196.112
CLRDU00061A,10.140.196.113
CLRDU00063A,10.140.196.114
CLRDU00064A,10.140.196.115
CLRDU00065A,10.140.196.116
CLRDU00066A,10.140.196.117
CLRDU00068A,10.140.196.118
CLRDU00071A,10.140.196.119
CLRDU00073A,10.140.196.120
CLRDU00074A,10.140.196.121
CLRDU00075A,10.140.196.122
CLRDU00077A,10.140.196.123
CLRDU00079A,10.140.196.23
CLRDU00081A,10.140.197.177
CLRDU00083A,10.140.196.124
CLRDU00084A,10.140.196.125
CLRDU00085A,10.140.196.126
CLRDU00087A,10.140.196.127
CLRDU00088A,10.140.196.128
CLRDU00091A,10.140.196.129
CLRDU00094A,10.140.196.24
CLRDU00099A,10.140.196.130
CLRDU00100A,10.140.196.131
CLRDU00102A,10.140.196.132
CLRDU00103A,10.140.196.133
CLRDU00106A,10.140.196.134
CLRDU00113A,10.140.196.135
CLRDU00115A,10.140.196.136
CLRDU00117A,10.140.196.137
CLRDU00118A,10.140.196.25
CLRDU00119A,10.140.196.26
CLRDU00120A,10.140.196.27
CLRDU00121A,10.140.196.138
CLRDU00123A,10.140.196.139
CLRDU00125A,10.140.196.28
CLRDU00127A,10.140.196.140
CLRDU00128A,10.140.196.141
CLRDU00129A,10.140.196.142
CLRDU00130A,10.140.196.143
CLRDU00131A,10.140.196.144
CLRDU00132A,10.140.196.145
CLRDU00133A,10.140.196.146
CLRDU00134A,10.140.196.147
CLRDU00138A,10.140.196.29
CLRDU00139A,10.140.196.148
CLRDU00140A,10.140.196.149
CLRDU00141A,10.140.196.30
CLRDU00142A,10.140.196.150
CLRDU00144A,10.140.196.151
CLRDU00145A,10.140.196.152
CLRDU00146A,10.140.196.31
CLRDU00148A,10.140.196.153
CLRDU00149A,10.140.196.154
CLRDU00150A,10.140.196.155
CLRDU00152A,10.140.196.14
CLRDU00154A,10.140.196.156
CLRDU00155A,10.140.196.157
CLRDU00157A,10.140.196.158
CLRDU00158A,10.140.197.199
CLRDU00159A,10.140.196.159
CLRDU00160A,10.140.196.160
CLRDU00161A,10.140.196.161
CLRDU00162A,10.140.196.162
CLRDU00163A,10.140.196.163
CLRDU00164A,10.140.196.164
CLRDU00166A,10.140.196.165
CLRDU00167A,10.140.196.166
CLRDU00169A,10.140.196.167
CLRDU00170A,10.140.196.168
CLRDU00171A,10.140.196.169
CLRDU00172A,10.140.196.170
CLRDU00173A,10.140.196.171
CLRDU00174A,10.140.196.172
CLRDU00175A,10.140.196.173
CLRDU00176A,10.140.196.174
CLRDU00177A,10.140.196.175
CLRDU00179A,10.140.196.176
CLRDU00181A,10.140.196.177
CLRDU00182A,10.140.196.178
CLRDU00183A,10.140.196.179
CLRDU00184A,10.140.196.180
CLRDU00185A,10.140.196.181
CLRDU00186A,10.140.196.182
CLRDU00187A,10.140.196.183
CLRDU00189A,10.140.196.184
CLRDU00190A,10.140.196.185
CLRDU00191A,10.140.196.32
CLRDU00192A,10.140.196.33
CLRDU00193A,10.140.196.34
CLRDU00194A,10.140.196.186
CLRDU00195A,10.140.196.35
CLRDU00197A,10.140.196.187
CLRDU00198A,10.140.196.188
CLRDU00200A,10.140.196.36
CLRDU00201A,10.140.196.189
CLRDU00203A,10.140.196.190
CLRDU00204A,10.140.196.191
CLRDU00205A,10.140.196.37
CLRDU00207A,10.140.196.192
CLRDU00208A,10.140.196.193
CLRDU00211A,10.140.196.194
CLRDU00212A,10.140.196.195
CLRDU00213A,10.140.196.196
CLRDU00215A,10.140.196.197
CLRDU00217A,10.140.196.198
CLRDU00218A,10.140.196.199
CLRDU00220A,10.140.196.200
CLRDU00222A,10.140.196.201
CLRDU00223A,10.140.196.202
CLRDU00225A,10.140.196.203
CLRDU00226A,10.140.196.38
CLRDU00227A,10.140.196.39
CLRDU00228A,10.140.196.204
CLRDU00230A,10.140.196.205
CLRDU00231A,10.140.196.206
CLRDU00232A,10.140.196.207
CLRDU00233A,10.140.196.208
CLRDU00234A,10.140.196.209
CLRDU00235A,10.140.196.210
CLRDU00236A,10.140.196.211
CLRDU00237A,10.140.196.212
CLRDU00238A,10.140.196.213
CLRDU00239A,10.140.197.195
CLRDU00240A,10.140.196.214
CLRDU00241A,10.140.196.215
CLRDU00242A,10.140.196.216
CLRDU00245A,10.140.196.217
CLRDU00246A,10.140.196.218
CLRDU00247A,10.140.196.219
CLRDU00248A,10.140.196.40
CLRDU00249A,10.140.196.220
CLRDU00250A,10.140.196.221
CLRDU00251A,10.140.196.222
CLRDU00252A,10.140.196.223
CLRDU00253A,10.140.196.224
CLRDU00255A,10.140.196.225
CLRDU00256A,10.140.196.226
CLRDU00258A,10.140.196.227
CLRDU00261A,10.140.196.228
CLRDU00262A,10.140.196.229
CLRDU00263A,10.140.196.230
CLRDU00264A,10.140.196.231
CLRDU00265A,10.140.196.232
CLRDU00266A,10.140.196.233
CLRDU00267A,10.140.196.234
CLRDU00268A,10.140.196.235
CLRDU00270A,10.140.196.41
CLRDU00271A,10.140.196.236
CLRDU00272A,10.140.196.237
CLRDU00275A,10.140.196.238
CLRDU00277A,10.140.197.159
CLRDU00278A,10.140.196.239
CLRDU00279A,10.140.196.240
CLRDU00280A,10.140.196.241
CLRDU00281A,10.140.196.242
CLRDU00282A,10.140.196.243
CLRDU00284A,10.140.196.244
CLRDU00285A,10.140.196.245
CLRDU00286A,10.140.196.246
CLRDU00287A,10.140.196.247
CLRDU00288A,10.140.196.248
CLRDU00289A,10.140.196.42
CLRDU00290A,10.140.196.249
CLRDU00291A,10.140.196.250
CLRDU00292A,10.140.196.43
CLRDU00293A,10.140.196.44
CLRDU00294A,10.140.196.251
CLRDU00295A,10.140.196.252
CLRDU00297A,10.140.196.253
CLRDU00299A,10.140.196.254
CLRDU00300A,10.140.196.255
CLRDU00301A,10.140.197.0
CLRDU00302A,10.140.197.1
CLRDU00303A,10.140.197.2
CLRDU00304A,10.140.197.3
CLRDU00305A,10.140.197.4
CLRDU00306A,10.140.197.5
CLRDU00307A,10.140.197.6
CLRDU00309A,10.140.197.7
CLRDU00310A,10.140.197.8
CLRDU00311A,10.140.197.9
CLRDU00313A,10.140.197.10
CLRDU00314A,10.140.196.45
CLRDU00315A,10.140.197.11
CLRDU00319A,10.140.197.205
CLRDU00321A,10.140.197.155
CLRDU00323A,10.140.197.12
CLRDU00325A,10.140.196.46
CLRDU00326A,10.140.196.47
CLRDU00328A,10.140.197.14
CLRDU00331A,10.140.196.48
CLRDU00332A,10.140.197.15
CLRDU00333A,10.140.197.16
CLRDU00334A,10.140.197.17
CLRDU00335A,10.140.197.18
CLRDU00337A,10.140.197.203
CLRDU00339A,10.140.196.49
CLRDU00340A,10.140.196.50
CLRDU00341A,10.140.197.19
CLRDU00343A,10.140.196.51
CLRDU00344A,10.140.197.20
CLRDU00345A,10.140.197.21
CLRDU00346A,10.140.197.22
CLRDU00347A,10.140.197.23
CLRDU00348A,10.140.196.52
CLRDU00349A,10.140.197.24
CLRDU00350A,10.140.196.53
CLRDU00351A,10.140.197.25
CLRDU00353A,10.140.197.46
CLRDU00355A,10.140.197.47
CLRDU00357A,10.140.197.48
CLRDU00359A,10.140.196.54
CLRDU00363A,10.140.197.49
CLRDU00364A,10.140.196.55
CLRDU00365A,10.140.196.56
CLRDU00366A,10.140.197.50
CLRDU00368A,10.140.197.51
CLRDU00369A,10.140.197.185
CLRDU00370A,10.140.197.52
CLRDU00371A,10.140.197.53
CLRDU00372A,10.140.197.54
CLRDU00373A,10.140.196.57
CLRDU00375A,10.140.196.13
CLRDU00377A,10.140.197.55
CLRDU00383A,10.140.196.58
CLRDU00385A,10.140.197.56
CLRDU00386A,10.140.197.57
CLRDU00387A,10.140.196.59
CLRDU00388A,10.140.196.60
CLRDU00389A,10.140.196.61
CLRDU00390A,10.140.196.62
CLRDU00391A,10.140.196.63
CLRDU00392A,10.140.197.58
CLRDU00393A,10.140.196.64
CLRDU00394A,10.140.196.65
CLRDU00404A,10.140.197.59
CLRDU00405A,10.140.197.60
CLRDU00406A,10.140.197.61
CLRDU00407A,10.140.197.206
CLRDU00410A,10.140.197.62
CLRDU00457A,10.140.197.63
CLRDU00458A,10.140.197.64
CLRDU00462A,10.140.197.65
CLRDU00464A,10.140.197.66
CLRDU00465A,10.140.197.67
CLRDU00466A,10.140.197.68
CLRDU00467A,10.140.197.69
CLRDU00469A,10.140.197.200
CLRDU00470A,10.140.197.70
CLRDU00471A,10.140.197.71
CLRDU00474A,10.140.196.66
CLRDU00475A,10.140.197.72
CLRDU00476A,10.140.197.201
CLRDU00477A,10.140.197.73
CLRDU00478A,10.140.197.74
CLRDU00479A,10.140.197.75
CLRDU00480A,10.140.197.76
CLRDU00481A,10.140.197.77
CLRDU00483A,10.140.196.67
CLRDU00484A,10.140.197.78
CLRDU00486A,10.140.197.79
CLRDU00487A,10.140.196.68
CLRDU00489A,10.140.196.69
CLRDU00490A,10.140.197.80
CLRDU00491A,10.140.197.81
CLRDU00494A,10.140.197.82
CLRDU00496A,10.140.197.83
CLRDU00497A,10.140.197.84
CLRDU00499A,10.140.197.85
CLRDU00500A,10.140.197.86
CLRDU00502A,10.140.197.87
CLRDU00503A,10.140.196.70
CLRDU00506A,10.140.197.202
CLRDU00507A,10.140.197.88
CLRDU00508A,10.140.197.89
CLRDU00509A,10.140.197.90
CLRDU00511A,10.140.197.92
CLRDU00513A,10.140.197.93
CLRDU00515A,10.140.197.94
CLRDU00517A,10.140.197.95
CLRDU00519A,10.140.197.96
CLRDU00520A,10.140.197.97
CLRDU00521A,10.140.197.98
CLRDU00522A,10.140.197.99
CLRDU00523A,10.140.197.100
CLRDU00524A,10.140.197.101
CLRDU00525A,10.140.197.102
CLRDU00526A,10.140.197.103
CLRDU00527A,10.140.197.104
CLRDU00528A,10.140.197.105
CLRDU00529A,10.140.197.106
CLRDU00530A,10.140.197.107
CLRDU00531A,10.140.197.108
CLRDU00532A,10.140.197.109
CLRDU00533A,10.140.197.110
CLRDU00534A,10.140.197.111
CLRDU00535A,10.140.196.71
CLRDU00536A,10.140.197.186
CLRDU00538A,10.140.197.112
CLRDU00539A,10.140.197.113
CLRDU00540A,10.140.197.196
CLRDU00541A,10.140.197.198
CLRDU00542A,10.140.197.114
CLRDU00543A,10.140.197.115
CLRDU00546A,10.140.197.189
CLRDU00547A,10.140.197.116
CLRDU00549A,10.140.197.117
CLRDU00550A,10.140.197.118
CLRDU00551A,10.140.197.134
CLRDU00552A,10.140.197.119
CLRDU00554A,10.140.197.120
CLRDU00555A,10.140.197.26
CLRDU00556A,10.140.197.27
CLRDU00557A,10.140.197.28
CLRDU00558A,10.140.197.29
CLRDU00559A,10.140.197.30
CLRDU00560A,10.140.197.121
CLRDU00561A,10.140.197.31
CLRDU00562A,10.140.197.32
CLRDU00563A,10.140.197.33
CLRDU00564A,10.140.197.34
CLRDU00565A,10.140.197.35
CLRDU00566A,10.140.196.72
CLRDU00567A,10.140.196.73
CLRDU00568A,10.140.196.74
CLRDU00569A,10.140.197.187
CLRDU00570A,10.140.197.122
CLRDU00571A,10.140.197.123
CLRDU00572A,10.140.197.216
CLRDU00573A,10.140.197.124
CLRDU00574A,10.140.197.125
CLRDU00575A,10.140.197.126
CLRDU00577A,10.140.197.127
CLRDU00578A,10.140.197.128
CLRDU00580A,10.140.197.129
CLRDU00581A,10.140.196.75
CLRDU00582A,10.140.197.130
CLRDU00583A,10.140.197.131
CLRDU00584A,10.140.197.132
CLRDU00585A,10.140.197.133
CLRDU00586A,10.140.197.138
CLRDU00587A,10.140.197.139
CLRDU00588A,10.140.196.76
CLRDU00589A,10.140.197.190
CLRDU00590A,10.140.197.152
CLRDU00591A,10.140.197.188
CLRDU00592A,10.140.197.140
CLRDU00593A,10.140.197.141
CLRDU00597A,10.140.197.142
CLRDU00598A,10.140.197.143
CLRDU00599A,10.140.197.191
CLRDU00600A,10.140.197.192
CLRDU00601A,10.140.197.160
CLRDU00602A,10.140.196.77
CLRDU00603A,10.140.197.136
CLRDU00604A,10.140.197.178
CLRDU00605A,10.140.197.197
CLRDU00607A,10.140.197.153
CLRDU00608A,10.140.196.78
CLRDU00610A,10.140.197.161
CLRDU00611A,10.140.197.144
CLRDU00612A,10.140.197.145
CLRDU00613A,10.140.197.146
CLRDU00614A,10.140.197.147
CLRDU00615A,10.140.197.148
CLRDU00616A,10.140.197.149
CLRDU00617A,10.140.197.150
CLRDU00618A,10.140.197.193
CLRDU00620A,10.140.196.79
CLRDU00621A,10.140.197.180
CLRDU00622A,10.140.197.162
CLRDU00623A,10.140.197.156
CLRDU00624A,10.140.197.157
CLRDU00625A,10.140.197.154
CLRDU00626A,10.140.197.194
CLRDU00627A,10.140.197.179
CLRDU00628A,10.140.197.163
CLRDU00636A,10.140.196.80
CLRDU00637A,10.140.196.81
CLRDU00638A,10.140.197.181
CLRDU00639A,10.140.196.82
CLRDU00641A,10.140.196.83
CLRDU00642A,10.140.197.182
CLRDU00643A,10.140.197.158
CLRDU00644A,10.140.197.151
CLRDU00646A,10.140.197.183
CLRDU00647A,10.140.196.84
CLRDU00648A,10.140.197.164
CLRDU00655A,10.140.196.85
CLRDU00656A,10.140.196.86
CLRDU00659A,10.140.197.137
CLRDU00661A,10.140.197.165
CLRDU00662A,10.140.196.87
CLRDU00664A,10.140.197.166
CLRDU00666A,10.140.197.167
CLRDU00668A,10.140.197.168
CLRDU00672A,10.140.197.169
CLRDU00673A,10.140.197.170
CLRDU00674A,10.140.197.171
CLRDU00675A,10.140.197.172
CLRDU00676A,10.140.197.173
CLRDU00677A,10.140.197.174
CLRDU00678A,10.140.197.175
CLRDU00679A,10.140.197.176
CLRDU00681A,10.140.197.135
CLRDU00682A,10.140.197.184
CLRDU00684A,10.140.197.44
CLRDU00685A,10.140.197.43
CLRDU00686A,10.140.197.42
CLRDU00687A,10.140.197.41
CLRDU00688A,10.140.197.40
CLRDU00689A,10.140.197.39
CLRDU00690A,10.140.197.38
CLRDU00694A,10.140.197.37
CLRDU00699A,10.140.197.36
